{"v":"4.7.0","fr":60,"ip":0,"op":180,"w":1920,"h":1080,"nm":"Comp 1","ddd":0,"assets":[],"fonts":{"list":[{"fName":"Aldrich","fFamily":"Aldrich","fStyle":"Regular","ascent":76.1481812223792}]},"layers":[{"ddd":0,"ind":1,"ty":5,"nm":"LOADING...","ks":{"o":{"a":0,"k":100},"r":{"a":0,"k":0},"p":{"a":0,"k":[934,511.00000000000006,0]},"a":{"a":0,"k":[0,0,0]},"s":{"a":0,"k":[100,100,100]}},"ao":0,"ef":[{"ty":5,"nm":"Glow","mn":"ADBE Glo2","ix":1,"en":1,"ef":[{"ty":7,"nm":"Glow Based On","mn":"ADBE Glo2-0001","ix":1,"v":{"a":0,"k":2}},{"ty":0,"nm":"Glow Threshold","mn":"ADBE Glo2-0002","ix":2,"v":{"a":0,"k":153}},{"ty":0,"nm":"Glow Radius","mn":"ADBE Glo2-0003","ix":3,"v":{"a":0,"k":7}},{"ty":0,"nm":"Glow Intensity","mn":"ADBE Glo2-0004","ix":4,"v":{"a":0,"k":1}},{"ty":7,"nm":"Composite Original","mn":"ADBE Glo2-0005","ix":5,"v":{"a":0,"k":2}},{"ty":7,"nm":"Glow Operation","mn":"ADBE Glo2-0006","ix":6,"v":{"a":0,"k":3}},{"ty":7,"nm":"Glow Colors","mn":"ADBE Glo2-0007","ix":7,"v":{"a":0,"k":1}},{"ty":7,"nm":"Color Looping","mn":"ADBE Glo2-0008","ix":8,"v":{"a":0,"k":3}},{"ty":0,"nm":"Color Loops","mn":"ADBE Glo2-0009","ix":9,"v":{"a":0,"k":1}},{"ty":0,"nm":"Color Phase","mn":"ADBE Glo2-0010","ix":10,"v":{"a":0,"k":0}},{"ty":0,"nm":"A & B Midpoint","mn":"ADBE Glo2-0011","ix":11,"v":{"a":0,"k":0.5}},{"ty":2,"nm":"Color A","mn":"ADBE Glo2-0012","ix":12,"v":{"a":0,"k":[1,1,1,0]}},{"ty":2,"nm":"Color B","mn":"ADBE Glo2-0013","ix":13,"v":{"a":0,"k":[0,0,0,0]}},{"ty":7,"nm":"Glow Dimensions","mn":"ADBE Glo2-0014","ix":14,"v":{"a":0,"k":1}},{"ty":7,"nm":"GPU Rendering","mn":"ADBE Force CPU GPU","ix":15,"v":{"a":0,"k":1}}]}],"t":{"d":{"k":[{"s":{"s":34,"f":"Aldrich","t":"","j":2,"tr":-25,"lh":40.8,"ls":0,"fc":[0.04,0.77,0.97]},"t":0}]},"p":{},"m":{"g":1,"a":{"a":0,"k":[0,0]}},"a":[]},"ip":0,"op":188,"st":0,"bm":0,"sr":1},{"ddd":0,"ind":2,"ty":4,"nm":"Shape Layer 2","ks":{"o":{"a":0,"k":100},"r":{"a":0,"k":-1},"p":{"a":0,"k":[960,540,0]},"a":{"a":0,"k":[0,0,0]},"s":{"a":0,"k":[100,108.33299999999998,100]}},"ao":0,"ef":[{"ty":5,"nm":"Glow","mn":"ADBE Glo2","ix":1,"en":1,"ef":[{"ty":7,"nm":"Glow Based On","mn":"ADBE Glo2-0001","ix":1,"v":{"a":0,"k":2}},{"ty":0,"nm":"Glow Threshold","mn":"ADBE Glo2-0002","ix":2,"v":{"a":0,"k":115}},{"ty":0,"nm":"Glow Radius","mn":"ADBE Glo2-0003","ix":3,"v":{"a":0,"k":16}},{"ty":0,"nm":"Glow Intensity","mn":"ADBE Glo2-0004","ix":4,"v":{"a":0,"k":1}},{"ty":7,"nm":"Composite Original","mn":"ADBE Glo2-0005","ix":5,"v":{"a":0,"k":3}},{"ty":7,"nm":"Glow Operation","mn":"ADBE Glo2-0006","ix":6,"v":{"a":0,"k":3}},{"ty":7,"nm":"Glow Colors","mn":"ADBE Glo2-0007","ix":7,"v":{"a":0,"k":2}},{"ty":7,"nm":"Color Looping","mn":"ADBE Glo2-0008","ix":8,"v":{"a":0,"k":3}},{"ty":0,"nm":"Color Loops","mn":"ADBE Glo2-0009","ix":9,"v":{"a":0,"k":1}},{"ty":0,"nm":"Color Phase","mn":"ADBE Glo2-0010","ix":10,"v":{"a":0,"k":0}},{"ty":0,"nm":"A & B Midpoint","mn":"ADBE Glo2-0011","ix":11,"v":{"a":0,"k":0.5}},{"ty":2,"nm":"Color A","mn":"ADBE Glo2-0012","ix":12,"v":{"a":0,"k":[1,1,1,0]}},{"ty":2,"nm":"Color B","mn":"ADBE Glo2-0013","ix":13,"v":{"a":0,"k":[0,0,0,0]}},{"ty":7,"nm":"Glow Dimensions","mn":"ADBE Glo2-0014","ix":14,"v":{"a":0,"k":1}},{"ty":7,"nm":"GPU Rendering","mn":"ADBE Force CPU GPU","ix":15,"v":{"a":0,"k":1}}]}],"shapes":[{"ty":"gr","it":[{"ind":0,"ty":"sh","ix":1,"ks":{"a":0,"k":{"i":[[0,0],[0,0]],"o":[[0,0],[0,0]],"v":[[-628,48],[572,72]],"c":false}},"nm":"Path 1","mn":"ADBE Vector Shape - Group"},{"ty":"gs","o":{"a":0,"k":100},"w":{"a":0,"k":14},"g":{"p":3,"k":{"a":0,"k":[0,0.3607843137254902,0.3607843137254902,0.3607843137254902,0.426,0.49411764705882355,0.49411764705882355,0.49411764705882355,1,0.5882352941176471,0.5882352941176471,0.5882352941176471]}},"s":{"a":0,"k":[-90.574,56.374]},"e":{"a":0,"k":[412.731,67.14]},"t":2,"h":{"a":0,"k":11.927},"a":{"a":0,"k":10.631},"lc":2,"lj":2,"nm":"Gradient Stroke 1","mn":"ADBE Vector Graphic - G-Stroke"},{"ty":"tr","p":{"a":0,"k":[0,0],"ix":2},"a":{"a":0,"k":[0,0],"ix":1},"s":{"a":0,"k":[100,100],"ix":3},"r":{"a":0,"k":0,"ix":6},"o":{"a":0,"k":100,"ix":7},"sk":{"a":0,"k":0,"ix":4},"sa":{"a":0,"k":0,"ix":5},"nm":"Transform"}],"nm":"Shape 1","np":3,"cix":2,"ix":1,"mn":"ADBE Vector Group"},{"ty":"tm","s":{"a":0,"k":0,"ix":1},"e":{"a":1,"k":[{"i":{"x":[0.833],"y":[0.833]},"o":{"x":[0.167],"y":[0.167]},"n":["0p833_0p833_0p167_0p167"],"t":0,"s":[0],"e":[100]},{"t":180}],"ix":2},"o":{"a":0,"k":0,"ix":3},"m":1,"ix":2,"nm":"Trim Paths 1","mn":"ADBE Vector Filter - Trim"}],"ip":0,"op":188,"st":0,"bm":0,"sr":1},{"ddd":0,"ind":3,"ty":4,"nm":"Shape Layer 1","ks":{"o":{"a":0,"k":100},"r":{"a":0,"k":-1},"p":{"a":0,"k":[960,540,0]},"a":{"a":0,"k":[0,0,0]},"s":{"a":0,"k":[100,108.33299999999998,100]}},"ao":0,"shapes":[{"ty":"gr","it":[{"ind":0,"ty":"sh","ix":1,"ks":{"a":0,"k":{"i":[[0,0],[0,0]],"o":[[0,0],[0,0]],"v":[[-628,48],[572,72]],"c":false}},"nm":"Path 1","mn":"ADBE Vector Shape - Group"},{"ty":"st","c":{"a":0,"k":[0.8392156862745098,0.8392156862745098,0.8392156862745098,1]},"o":{"a":0,"k":100},"w":{"a":0,"k":14},"lc":2,"lj":2,"nm":"Stroke 1","mn":"ADBE Vector Graphic - Stroke"},{"ty":"tr","p":{"a":0,"k":[0,0],"ix":2},"a":{"a":0,"k":[0,0],"ix":1},"s":{"a":0,"k":[100,100],"ix":3},"r":{"a":0,"k":0,"ix":6},"o":{"a":0,"k":100,"ix":7},"sk":{"a":0,"k":0,"ix":4},"sa":{"a":0,"k":0,"ix":5},"nm":"Transform"}],"nm":"Shape 1","np":3,"cix":2,"ix":1,"mn":"ADBE Vector Group"}],"ip":0,"op":188,"st":0,"bm":0,"sr":1},{"ddd":0,"ind":4,"ty":1,"nm":"Dark Cyan Solid 1","ks":{"o":{"a":0,"k":100},"r":{"a":0,"k":0},"p":{"a":0,"k":[960,540,0]},"a":{"a":0,"k":[960,540,0]},"s":{"a":0,"k":[100,100,100]}},"ao":0,"sw":1920,"sh":1080,"sc":"#020202","ip":188,"op":188,"st":0,"bm":0,"sr":1,"hidden":0}],"chars":[{"ch":"L","size":34,"style":"Regular","w":58.01,"data":{"shapes":[{"ty":"gr","it":[{"ind":0,"ty":"sh","ix":1,"ks":{"a":0,"k":{"i":[[8.984,-70.02],[8.984,0],[54.98,0],[54.98,-10.01],[18.994,-10.01],[18.994,-70.02]],"o":[[8.984,-70.02],[8.984,0],[54.98,0],[54.98,-10.01],[18.994,-10.01],[18.994,-70.02]],"v":[[8.984,-70.02],[8.984,0],[54.98,0],[54.98,-10.01],[18.994,-10.01],[18.994,-70.02]],"c":true}},"nm":"L","mn":"ADBE Vector Shape - Group"}],"nm":"L","np":3,"cix":2,"ix":1,"mn":"ADBE Vector Group"},{"ty":"gr","it":[{"ind":0,"ty":"sh","ix":1,"ks":{"a":0,"k":{"i":[[0,0],[0,0],[0,0],[0,0],[0,0],[0,0]],"o":[[0,0],[0,0],[0,0],[0,0],[0,0],[0,0]],"v":[[66.992,-70.02],[66.992,0],[112.988,0],[112.988,-10.01],[77.002,-10.01],[77.002,-70.02]],"c":true}},"nm":"L","mn":"ADBE Vector Shape - Group"}],"nm":"L","np":3,"cix":2,"ix":2,"mn":"ADBE Vector Group"}]},"fFamily":"Aldrich"},{"ch":"O","size":34,"style":"Regular","w":77.98,"data":{"shapes":[{"ty":"gr","it":[{"ind":0,"ty":"sh","ix":1,"ks":{"a":0,"k":{"i":[[68.994,-60.01],[68.733,-62.671],[66.975,-66.169],[64.087,-68.677],[60.351,-70.02],[18.994,-70.02],[16.333,-69.751],[12.825,-67.96],[10.286,-65.113],[8.984,-61.377],[8.984,-10.01],[9.245,-7.349],[11.002,-3.841],[13.891,-1.301],[17.627,0],[58.984,0],[61.645,-0.26],[65.152,-2.018],[67.692,-4.907],[68.994,-8.643]],"o":[[68.994,-61.377],[67.692,-65.113],[65.152,-67.96],[61.645,-69.751],[58.984,-70.02],[17.627,-70.02],[13.891,-68.677],[11.002,-66.169],[9.245,-62.671],[8.984,-60.01],[8.984,-8.643],[10.286,-4.907],[12.825,-2.018],[16.333,-0.26],[18.994,0],[60.351,0],[64.087,-1.301],[66.975,-3.841],[68.733,-7.349],[68.994,-10.01]],"v":[[68.994,-60.01],[68.213,-63.892],[66.064,-67.065],[62.866,-69.214],[58.984,-70.02],[18.994,-70.02],[15.112,-69.214],[11.914,-67.065],[9.766,-63.892],[8.984,-60.01],[8.984,-10.01],[9.766,-6.128],[11.914,-2.93],[15.112,-0.781],[18.994,0],[58.984,0],[62.866,-0.781],[66.064,-2.93],[68.213,-6.128],[68.994,-10.01]],"c":true}},"nm":"O","mn":"ADBE Vector Shape - Group"},{"ind":1,"ty":"sh","ix":2,"ks":{"a":0,"k":{"i":[[58.984,-60.01],[58.984,-10.01],[18.994,-10.01],[18.994,-60.01]],"o":[[58.984,-60.01],[58.984,-10.01],[18.994,-10.01],[18.994,-60.01]],"v":[[58.984,-60.01],[58.984,-10.01],[18.994,-10.01],[18.994,-60.01]],"c":true}},"nm":"O","mn":"ADBE Vector Shape - Group"}],"nm":"O","np":5,"cix":2,"ix":1,"mn":"ADBE Vector Group"},{"ty":"gr","it":[{"ind":0,"ty":"sh","ix":1,"ks":{"a":0,"k":{"i":[[0,0],[0.52,1.221],[0.911,0.896],[1.221,0.537],[1.367,0],[0,0],[1.221,-0.537],[0.911,-0.895],[0.52,-1.221],[0,-1.367],[0,0],[-0.521,-1.221],[-0.912,-0.911],[-1.221,-0.52],[-1.367,0],[0,0],[-1.221,0.521],[-0.912,0.912],[-0.521,1.221],[0,1.367]],"o":[[0,-1.367],[-0.521,-1.221],[-0.912,-0.895],[-1.221,-0.537],[0,0],[-1.367,0],[-1.221,0.537],[-0.912,0.896],[-0.521,1.221],[0,0],[0,1.367],[0.52,1.221],[0.911,0.912],[1.221,0.521],[0,0],[1.367,0],[1.221,-0.52],[0.911,-0.911],[0.52,-1.221],[0,0]],"v":[[146.973,-60.01],[146.191,-63.892],[144.043,-67.065],[140.845,-69.214],[136.963,-70.02],[96.973,-70.02],[93.091,-69.214],[89.893,-67.065],[87.744,-63.892],[86.963,-60.01],[86.963,-10.01],[87.744,-6.128],[89.893,-2.93],[93.091,-0.781],[96.973,0],[136.963,0],[140.845,-0.781],[144.043,-2.93],[146.191,-6.128],[146.973,-10.01]],"c":true}},"nm":"O","mn":"ADBE Vector Shape - Group"},{"ind":1,"ty":"sh","ix":2,"ks":{"a":0,"k":{"i":[[0,0],[0,0],[0,0],[0,0]],"o":[[0,0],[0,0],[0,0],[0,0]],"v":[[136.963,-60.01],[136.963,-10.01],[96.973,-10.01],[96.973,-60.01]],"c":true}},"nm":"O","mn":"ADBE Vector Shape - Group"},{"ty":"mm","mm":1,"nm":"Merge Paths 1","mn":"ADBE Vector Filter - Merge"}],"nm":"O","np":5,"cix":2,"ix":2,"mn":"ADBE Vector Group"}]},"fFamily":"Aldrich"},{"ch":"A","size":34,"style":"Regular","w":70.02,"data":{"shapes":[{"ty":"gr","it":[{"ind":0,"ty":"sh","ix":1,"ks":{"a":0,"k":{"i":[[29.98,-70.02],[2.979,0],[12.988,0],[19.189,-16.113],[50.781,-16.113],[56.982,0],[66.992,0],[39.99,-70.02]],"o":[[29.98,-70.02],[2.979,0],[12.988,0],[19.189,-16.113],[50.781,-16.113],[56.982,0],[66.992,0],[39.99,-70.02]],"v":[[29.98,-70.02],[2.979,0],[12.988,0],[19.189,-16.113],[50.781,-16.113],[56.982,0],[66.992,0],[39.99,-70.02]],"c":true}},"nm":"A","mn":"ADBE Vector Shape - Group"},{"ind":1,"ty":"sh","ix":2,"ks":{"a":0,"k":{"i":[[35.01,-56.982],[46.924,-26.123],[22.998,-26.123]],"o":[[35.01,-56.982],[46.924,-26.123],[22.998,-26.123]],"v":[[35.01,-56.982],[46.924,-26.123],[22.998,-26.123]],"c":true}},"nm":"A","mn":"ADBE Vector Shape - Group"}],"nm":"A","np":5,"cix":2,"ix":1,"mn":"ADBE Vector Group"},{"ty":"gr","it":[{"ind":0,"ty":"sh","ix":1,"ks":{"a":0,"k":{"i":[[0,0],[0,0],[0,0],[0,0],[0,0],[0,0],[0,0],[0,0]],"o":[[0,0],[0,0],[0,0],[0,0],[0,0],[0,0],[0,0],[0,0]],"v":[[100,-70.02],[72.998,0],[83.008,0],[89.209,-16.113],[120.801,-16.113],[127.002,0],[137.012,0],[110.01,-70.02]],"c":true}},"nm":"A","mn":"ADBE Vector Shape - Group"},{"ind":1,"ty":"sh","ix":2,"ks":{"a":0,"k":{"i":[[0,0],[0,0],[0,0]],"o":[[0,0],[0,0],[0,0]],"v":[[105.029,-56.982],[116.943,-26.123],[93.018,-26.123]],"c":true}},"nm":"A","mn":"ADBE Vector Shape - Group"},{"ty":"mm","mm":1,"nm":"Merge Paths 1","mn":"ADBE Vector Filter - Merge"}],"nm":"A","np":5,"cix":2,"ix":2,"mn":"ADBE Vector Group"}]},"fFamily":"Aldrich"},{"ch":"D","size":34,"style":"Regular","w":76.12,"data":{"shapes":[{"ty":"gr","it":[{"ind":0,"ty":"sh","ix":1,"ks":{"a":0,"k":{"i":[[18.994,-10.01],[18.994,-60.01],[44.58,-60.01],[48.893,-59.684],[53.995,-57.43],[57.453,-53.401],[59.082,-47.786],[59.082,-24.512],[57.828,-16.276],[49.235,-10.01]],"o":[[18.994,-10.01],[18.994,-60.01],[46.858,-60.01],[52.474,-58.381],[56.502,-54.923],[58.756,-49.82],[59.082,-45.508],[59.082,-19.857],[52.815,-11.263],[44.58,-10.01]],"v":[[18.994,-10.01],[18.994,-60.01],[44.58,-60.01],[50.684,-59.033],[55.249,-56.177],[58.105,-51.611],[59.082,-45.508],[59.082,-24.512],[55.322,-13.77],[44.58,-10.01]],"c":true}},"nm":"D","mn":"ADBE Vector Shape - Group"},{"ind":1,"ty":"sh","ix":2,"ks":{"a":0,"k":{"i":[[44.58,0],[51.701,-0.577],[60.295,-4.533],[66.202,-11.377],[69.092,-20.801],[69.092,-45.508],[68.513,-52.588],[64.559,-61.222],[57.723,-67.13],[48.323,-70.02],[8.984,-70.02],[8.984,0]],"o":[[48.323,0],[57.723,-2.888],[64.559,-8.797],[68.513,-17.431],[69.092,-24.512],[69.092,-49.219],[66.202,-58.642],[60.295,-65.486],[51.701,-69.441],[44.58,-70.02],[8.984,-70.02],[8.984,0]],"v":[[44.58,0],[54.712,-1.733],[62.427,-6.665],[67.358,-14.404],[69.092,-24.512],[69.092,-45.508],[67.358,-55.615],[62.427,-63.354],[54.712,-68.286],[44.58,-70.02],[8.984,-70.02],[8.984,0]],"c":true}},"nm":"D","mn":"ADBE Vector Shape - Group"}],"nm":"D","np":5,"cix":2,"ix":1,"mn":"ADBE Vector Group"},{"ty":"gr","it":[{"ind":0,"ty":"sh","ix":1,"ks":{"a":0,"k":{"i":[[0,0],[0,0],[0,0],[-1.791,-0.651],[-1.254,-1.253],[-0.652,-1.79],[0,-2.278],[0,0],[2.506,-2.506],[4.655,0]],"o":[[0,0],[0,0],[2.278,0],[1.79,0.652],[1.253,1.254],[0.651,1.791],[0,0],[0,4.655],[-2.507,2.507],[0,0]],"v":[[95.117,-10.01],[95.117,-60.01],[120.703,-60.01],[126.807,-59.033],[131.372,-56.177],[134.229,-51.611],[135.205,-45.508],[135.205,-24.512],[131.445,-13.77],[120.703,-10.01]],"c":true}},"nm":"D","mn":"ADBE Vector Shape - Group"},{"ind":1,"ty":"sh","ix":2,"ks":{"a":0,"k":{"i":[[0,0],[-3.011,1.156],[-2.132,2.132],[-1.156,3.027],[0,3.711],[0,0],[1.155,3.027],[2.132,2.132],[3.011,1.156],[3.743,0],[0,0],[0,0]],"o":[[3.743,0],[3.011,-1.155],[2.132,-2.132],[1.155,-3.027],[0,0],[0,-3.711],[-1.156,-3.027],[-2.132,-2.132],[-3.011,-1.155],[0,0],[0,0],[0,0]],"v":[[120.703,0],[130.835,-1.733],[138.55,-6.665],[143.481,-14.404],[145.215,-24.512],[145.215,-45.508],[143.481,-55.615],[138.55,-63.354],[130.835,-68.286],[120.703,-70.02],[85.107,-70.02],[85.107,0]],"c":true}},"nm":"D","mn":"ADBE Vector Shape - Group"},{"ty":"mm","mm":1,"nm":"Merge Paths 1","mn":"ADBE Vector Filter - Merge"}],"nm":"D","np":5,"cix":2,"ix":2,"mn":"ADBE Vector Group"}]},"fFamily":"Aldrich"},{"ch":"I","size":34,"style":"Regular","w":27.98,"data":{"shapes":[{"ty":"gr","it":[{"ind":0,"ty":"sh","ix":1,"ks":{"a":0,"k":{"i":[[8.984,-70.02],[8.984,0],[18.994,0],[18.994,-70.02]],"o":[[8.984,-70.02],[8.984,0],[18.994,0],[18.994,-70.02]],"v":[[8.984,-70.02],[8.984,0],[18.994,0],[18.994,-70.02]],"c":true}},"nm":"I","mn":"ADBE Vector Shape - Group"}],"nm":"I","np":3,"cix":2,"ix":1,"mn":"ADBE Vector Group"},{"ty":"gr","it":[{"ind":0,"ty":"sh","ix":1,"ks":{"a":0,"k":{"i":[[0,0],[0,0],[0,0],[0,0]],"o":[[0,0],[0,0],[0,0],[0,0]],"v":[[36.963,-70.02],[36.963,0],[46.973,0],[46.973,-70.02]],"c":true}},"nm":"I","mn":"ADBE Vector Shape - Group"}],"nm":"I","np":3,"cix":2,"ix":2,"mn":"ADBE Vector Group"}]},"fFamily":"Aldrich"},{"ch":"N","size":34,"style":"Regular","w":80.08,"data":{"shapes":[{"ty":"gr","it":[{"ind":0,"ty":"sh","ix":1,"ks":{"a":0,"k":{"i":[[18.994,-54.297],[61.084,0],[71.094,0],[71.094,-70.02],[61.084,-70.02],[61.084,-15.723],[18.994,-70.02],[8.984,-70.02],[8.984,0],[18.994,0]],"o":[[18.994,-54.297],[61.084,0],[71.094,0],[71.094,-70.02],[61.084,-70.02],[61.084,-15.723],[18.994,-70.02],[8.984,-70.02],[8.984,0],[18.994,0]],"v":[[18.994,-54.297],[61.084,0],[71.094,0],[71.094,-70.02],[61.084,-70.02],[61.084,-15.723],[18.994,-70.02],[8.984,-70.02],[8.984,0],[18.994,0]],"c":true}},"nm":"N","mn":"ADBE Vector Shape - Group"}],"nm":"N","np":3,"cix":2,"ix":1,"mn":"ADBE Vector Group"},{"ty":"gr","it":[{"ind":0,"ty":"sh","ix":1,"ks":{"a":0,"k":{"i":[[0,0],[0,0],[0,0],[0,0],[0,0],[0,0],[0,0],[0,0],[0,0],[0,0]],"o":[[0,0],[0,0],[0,0],[0,0],[0,0],[0,0],[0,0],[0,0],[0,0],[0,0]],"v":[[99.072,-54.297],[141.162,0],[151.172,0],[151.172,-70.02],[141.162,-70.02],[141.162,-15.723],[99.072,-70.02],[89.062,-70.02],[89.062,0],[99.072,0]],"c":true}},"nm":"N","mn":"ADBE Vector Shape - Group"}],"nm":"N","np":3,"cix":2,"ix":2,"mn":"ADBE Vector Group"}]},"fFamily":"Aldrich"},{"ch":"G","size":34,"style":"Regular","w":75.98,"data":{"shapes":[{"ty":"gr","it":[{"ind":0,"ty":"sh","ix":1,"ks":{"a":0,"k":{"i":[[8.984,-10.01],[9.245,-7.349],[11.002,-3.841],[13.891,-1.301],[17.627,0],[56.982,0],[59.643,-0.26],[63.15,-2.018],[65.69,-4.907],[66.992,-8.643],[66.992,-37.012],[37.988,-37.012],[37.988,-27.002],[56.982,-27.002],[56.982,-10.01],[18.994,-10.01],[18.994,-60.01],[56.982,-60.01],[56.982,-50.977],[66.992,-50.977],[66.992,-60.01],[66.731,-62.671],[64.973,-66.169],[62.085,-68.677],[58.349,-70.02],[18.994,-70.02],[16.333,-69.751],[12.825,-67.96],[10.286,-65.113],[8.984,-61.377]],"o":[[8.984,-8.643],[10.286,-4.907],[12.825,-2.018],[16.333,-0.26],[18.994,0],[58.349,0],[62.085,-1.301],[64.973,-3.841],[66.731,-7.349],[66.992,-10.01],[66.992,-37.012],[37.988,-37.012],[37.988,-27.002],[56.982,-27.002],[56.982,-10.01],[18.994,-10.01],[18.994,-60.01],[56.982,-60.01],[56.982,-50.977],[66.992,-50.977],[66.992,-61.377],[65.69,-65.113],[63.15,-67.96],[59.643,-69.751],[56.982,-70.02],[17.627,-70.02],[13.891,-68.677],[11.002,-66.169],[9.245,-62.671],[8.984,-60.01]],"v":[[8.984,-10.01],[9.766,-6.128],[11.914,-2.93],[15.112,-0.781],[18.994,0],[56.982,0],[60.864,-0.781],[64.062,-2.93],[66.211,-6.128],[66.992,-10.01],[66.992,-37.012],[37.988,-37.012],[37.988,-27.002],[56.982,-27.002],[56.982,-10.01],[18.994,-10.01],[18.994,-60.01],[56.982,-60.01],[56.982,-50.977],[66.992,-50.977],[66.992,-60.01],[66.211,-63.892],[64.062,-67.065],[60.864,-69.214],[56.982,-70.02],[18.994,-70.02],[15.112,-69.214],[11.914,-67.065],[9.766,-63.892],[8.984,-60.01]],"c":true}},"nm":"G","mn":"ADBE Vector Shape - Group"}],"nm":"G","np":3,"cix":2,"ix":1,"mn":"ADBE Vector Group"},{"ty":"gr","it":[{"ind":0,"ty":"sh","ix":1,"ks":{"a":0,"k":{"i":[[0,0],[-0.521,-1.221],[-0.912,-0.911],[-1.221,-0.52],[-1.367,0],[0,0],[-1.221,0.521],[-0.912,0.912],[-0.521,1.221],[0,1.367],[0,0],[0,0],[0,0],[0,0],[0,0],[0,0],[0,0],[0,0],[0,0],[0,0],[0,0],[0.52,1.221],[0.911,0.896],[1.221,0.537],[1.367,0],[0,0],[1.221,-0.537],[0.911,-0.895],[0.52,-1.221],[0,-1.367]],"o":[[0,1.367],[0.52,1.221],[0.911,0.912],[1.221,0.521],[0,0],[1.367,0],[1.221,-0.52],[0.911,-0.911],[0.52,-1.221],[0,0],[0,0],[0,0],[0,0],[0,0],[0,0],[0,0],[0,0],[0,0],[0,0],[0,0],[0,-1.367],[-0.521,-1.221],[-0.912,-0.895],[-1.221,-0.537],[0,0],[-1.367,0],[-1.221,0.537],[-0.912,0.896],[-0.521,1.221],[0,0]],"v":[[84.961,-10.01],[85.742,-6.128],[87.891,-2.93],[91.089,-0.781],[94.971,0],[132.959,0],[136.841,-0.781],[140.039,-2.93],[142.188,-6.128],[142.969,-10.01],[142.969,-37.012],[113.965,-37.012],[113.965,-27.002],[132.959,-27.002],[132.959,-10.01],[94.971,-10.01],[94.971,-60.01],[132.959,-60.01],[132.959,-50.977],[142.969,-50.977],[142.969,-60.01],[142.188,-63.892],[140.039,-67.065],[136.841,-69.214],[132.959,-70.02],[94.971,-70.02],[91.089,-69.214],[87.891,-67.065],[85.742,-63.892],[84.961,-60.01]],"c":true}},"nm":"G","mn":"ADBE Vector Shape - Group"}],"nm":"G","np":3,"cix":2,"ix":2,"mn":"ADBE Vector Group"}]},"fFamily":"Aldrich"},{"ch":".","size":34,"style":"Regular","w":30.62,"data":{"shapes":[{"ty":"gr","it":[{"ind":0,"ty":"sh","ix":1,"ks":{"a":0,"k":{"i":[[8.008,0],[22.607,0],[22.607,-14.6],[8.008,-14.6]],"o":[[8.008,0],[22.607,0],[22.607,-14.6],[8.008,-14.6]],"v":[[8.008,0],[22.607,0],[22.607,-14.6],[8.008,-14.6]],"c":true}},"nm":".","mn":"ADBE Vector Shape - Group"}],"nm":".","np":3,"cix":2,"ix":1,"mn":"ADBE Vector Group"},{"ty":"gr","it":[{"ind":0,"ty":"sh","ix":1,"ks":{"a":0,"k":{"i":[[0,0],[0,0],[0,0],[0,0]],"o":[[0,0],[0,0],[0,0],[0,0]],"v":[[38.623,0],[53.223,0],[53.223,-14.6],[38.623,-14.6]],"c":true}},"nm":".","mn":"ADBE Vector Shape - Group"}],"nm":".","np":3,"cix":2,"ix":2,"mn":"ADBE Vector Group"}]},"fFamily":"Aldrich"}]}