{"ip":0,"fr":60,"v":"5.1.20","assets":[],"layers":[{"ty":4,"nm":"Mascara","ip":0,"st":0,"ind":5,"hix":5,"ks":{"o":{"a":0,"k":100},"or":{"a":0,"k":[0,0,0]},"a":{"a":0,"k":[175,16,0]},"p":{"s":true,"x":{"a":0,"k":175},"y":{"a":0,"k":16.000000000000004}},"rx":{"a":0,"k":0},"ry":{"a":0,"k":0},"rz":{"a":0,"k":0},"s":{"a":0,"k":[100,100,100]}},"shapes":[{"ty":"gr","nm":"Mascara shape group","it":[{"ty":"sh","ks":{"a":0,"k":{"c":true,"v":[[350,0],[350,32],[0,32],[0,0]],"i":[[0,0],[0,0],[0,0],[0,0]],"o":[[0,0],[0,0],[0,0],[0,0]]}}},{"ty":"sh","ks":{"a":0,"k":{"c":true,"v":[[332,10],[18,10],[12,16],[18,22],[18,22],[332,22],[338,16],[332,10]],"i":[[0,0],[0,0],[0,-3.3137085000000006],[-3.3137085000000006,0],[0,0],[0,0],[0,3.3137085000000006],[3.3137080000000196,0]],"o":[[0,0],[-3.3137085000000006,0],[0,3.3137085000000006],[0,0],[0,0],[3.3137080000000196,0],[0,-3.3137085000000006],[0,0]]}}},{"ty":"st","o":{"a":0,"k":0},"w":{"a":0,"k":0},"c":{"a":0,"k":[0,0,0,0]},"lc":3,"lj":1,"ml":1},{"ty":"fl","o":{"a":0,"k":100},"r":2,"c":{"a":0,"k":[0.9450980392156862,0.9529411764705882,0.9607843137254902,1]}},{"ty":"tr","o":{"a":0,"k":100},"a":{"a":0,"k":[0,0]},"s":{"a":0,"k":[100,100]},"p":{"a":0,"k":[0,0]},"r":{"a":0,"k":0}}]}],"op":540},{"ty":4,"nm":"1","ip":0,"st":0,"ind":4,"hix":4,"ks":{"o":{"a":0,"k":100},"or":{"a":0,"k":[0,0,0]},"a":{"a":0,"k":[22.5,6,0]},"p":{"s":true,"x":{"a":1,"k":[{"t":0,"s":[-248],"e":[347.9999773026199],"i":{"x":[0.68],"y":[0.53]},"o":{"x":[0.55],"y":[0.085]}},{"t":540}]},"y":{"a":0,"k":16}},"rx":{"a":0,"k":0},"ry":{"a":0,"k":0},"rz":{"a":0,"k":0},"s":{"a":0,"k":[100,100,100]}},"shapes":[{"ty":"gr","nm":"1 shape group","it":[{"ty":"rc","s":{"a":0,"k":[45,12]},"r":{"a":0,"k":6},"p":{"a":0,"k":[22.5,6]}},{"ty":"st","o":{"a":0,"k":0},"w":{"a":0,"k":0},"c":{"a":0,"k":[0,0,0,0]},"lc":3,"lj":1,"ml":1},{"ty":"fl","o":{"a":0,"k":100},"r":2,"c":{"a":0,"k":[0.3607843137254902,0.6235294117647059,0.3411764705882353,1]}},{"ty":"tr","o":{"a":0,"k":100},"a":{"a":0,"k":[0,0]},"s":{"a":0,"k":[100,100]},"p":{"a":0,"k":[0,0]},"r":{"a":0,"k":0}}]}],"op":540},{"ty":4,"nm":"2","ip":0,"st":0,"ind":3,"hix":3,"ks":{"o":{"a":0,"k":100},"or":{"a":0,"k":[0,0,0]},"a":{"a":0,"k":[42.5,6,0]},"p":{"s":true,"x":{"a":1,"k":[{"t":0,"s":[-175.5],"e":[420.49997730262],"i":{"x":[0.68],"y":[0.53]},"o":{"x":[0.55],"y":[0.085]}},{"t":540}]},"y":{"a":0,"k":15.999999999999998}},"rx":{"a":0,"k":0},"ry":{"a":0,"k":0},"rz":{"a":0,"k":0},"s":{"a":0,"k":[100,100,100]}},"shapes":[{"ty":"gr","nm":"2 shape group","it":[{"ty":"rc","s":{"a":0,"k":[85,12]},"r":{"a":0,"k":6},"p":{"a":0,"k":[42.5,6]}},{"ty":"st","o":{"a":0,"k":0},"w":{"a":0,"k":0},"c":{"a":0,"k":[0,0,0,0]},"lc":3,"lj":1,"ml":1},{"ty":"fl","o":{"a":0,"k":100},"r":2,"c":{"a":0,"k":[0.3607843137254902,0.6235294117647059,0.3411764705882353,1]}},{"ty":"tr","o":{"a":0,"k":100},"a":{"a":0,"k":[0,0]},"s":{"a":0,"k":[100,100]},"p":{"a":0,"k":[0,0]},"r":{"a":0,"k":0}}]}],"op":540},{"ty":4,"nm":"3","ip":0,"st":0,"ind":2,"hix":2,"ks":{"o":{"a":0,"k":100},"or":{"a":0,"k":[0,0,0]},"a":{"a":0,"k":[62.5,6,0]},"p":{"s":true,"x":{"a":1,"k":[{"t":0,"s":[-63],"e":[532.99997730262],"i":{"x":[0.68],"y":[0.53]},"o":{"x":[0.55],"y":[0.085]}},{"t":540}]},"y":{"a":0,"k":16}},"rx":{"a":0,"k":0},"ry":{"a":0,"k":0},"rz":{"a":0,"k":0},"s":{"a":0,"k":[100,100,100]}},"shapes":[{"ty":"gr","nm":"3 shape group","it":[{"ty":"rc","s":{"a":0,"k":[125,12]},"r":{"a":0,"k":6},"p":{"a":0,"k":[62.5,6]}},{"ty":"st","o":{"a":0,"k":0},"w":{"a":0,"k":0},"c":{"a":0,"k":[0,0,0,0]},"lc":3,"lj":1,"ml":1},{"ty":"fl","o":{"a":0,"k":100},"r":2,"c":{"a":0,"k":[0.3607843137254902,0.6235294117647059,0.3411764705882353,1]}},{"ty":"tr","o":{"a":0,"k":100},"a":{"a":0,"k":[0,0]},"s":{"a":0,"k":[100,100]},"p":{"a":0,"k":[0,0]},"r":{"a":0,"k":0}}]}],"op":540},{"ty":4,"nm":"0","ip":0,"st":0,"ind":1,"hix":1,"ks":{"o":{"a":0,"k":100},"or":{"a":0,"k":[0,0,0]},"a":{"a":0,"k":[163,6,0]},"p":{"s":true,"x":{"a":0,"k":175},"y":{"a":0,"k":16}},"rx":{"a":0,"k":0},"ry":{"a":0,"k":0},"rz":{"a":0,"k":0},"s":{"a":0,"k":[100,100,100]}},"shapes":[{"ty":"gr","nm":"0 shape group","it":[{"ty":"rc","s":{"a":0,"k":[326,12]},"r":{"a":0,"k":6},"p":{"a":0,"k":[163,6]}},{"ty":"st","o":{"a":0,"k":0},"w":{"a":0,"k":0},"c":{"a":0,"k":[0,0,0,0]},"lc":3,"lj":1,"ml":1},{"ty":"fl","o":{"a":0,"k":30},"r":2,"c":{"a":0,"k":[0.3607843137254902,0.6235294117647059,0.3411764705882353,1]}},{"ty":"tr","o":{"a":0,"k":100},"a":{"a":0,"k":[0,0]},"s":{"a":0,"k":[100,100]},"p":{"a":0,"k":[0,0]},"r":{"a":0,"k":0}}]},{"ty":"gr","nm":"0 shape group","it":[{"ty":"rc","s":{"a":0,"k":[326,12]},"r":{"a":0,"k":6},"p":{"a":0,"k":[163,6]}},{"ty":"st","o":{"a":0,"k":0},"w":{"a":0,"k":0},"c":{"a":0,"k":[0,0,0,0]},"lc":3,"lj":1,"ml":1},{"ty":"fl","o":{"a":0,"k":100},"r":2,"c":{"a":0,"k":[1,1,1,1]}},{"ty":"tr","o":{"a":0,"k":100},"a":{"a":0,"k":[0,0]},"s":{"a":0,"k":[100,100]},"p":{"a":0,"k":[0,0]},"r":{"a":0,"k":0}}]}],"op":540}],"op":540,"w":350,"h":32}